,record_name,atom_number,blank_1,atom_name,alt_loc,residue_name,blank_2,chain_id,residue_number,insertion,blank_3,x_coord,y_coord,z_coord,occupancy,b_factor,blank_4,segment_id,element_symbol,charge,line_idx
0,HETATM,1,,C4,,02J,,C,1,,,-10.425,3.42,72.447,1.0,54.38,,,C,,3
1,HETATM,2,,C5,,02J,,C,1,,,-9.924,2.857,73.642,1.0,63.03,,,C,,4
2,HETATM,3,,C6,,02J,,C,1,,,-9.345,1.458,73.806,1.0,64.36,,,C,,5
3,HETATM,4,,O1,,02J,,C,1,,,-10.048,3.755,74.575,1.0,63.01,,,O,,6
4,HETATM,5,,N2,,02J,,C,1,,,-10.585,4.861,74.114,1.0,56.79,,,N,,7
5,HETATM,6,,C3,,02J,,C,1,,,-10.848,4.738,72.81,1.0,50.26,,,C,,8
6,HETATM,7,,C41,,02J,,C,1,,,-11.475,5.798,71.891,1.0,47.56,,,C,,9
7,HETATM,8,,O42,,02J,,C,1,,,-11.062,5.943,70.793,1.0,47.13,,,O,,10
8,HETATM,29,,C19,,PJE,,C,5,,,-11.832,15.491,65.878,1.0,20.0,,,C,,31
9,HETATM,30,,C20,,PJE,,C,5,,,-12.422,16.89,65.699,1.0,20.0,,,C,,32
10,HETATM,31,,C21,,PJE,,C,5,,,-11.667,17.948,65.902,1.0,20.0,,,C,,33
11,HETATM,32,,C22,,PJE,,C,5,,,-10.208,17.82,66.347,1.0,20.0,,,C,,34
12,HETATM,33,,C25,,PJE,,C,5,,,-12.437,14.594,64.806,1.0,20.0,,,C,,35
13,HETATM,34,,C26,,PJE,,C,5,,,-11.835,13.199,64.838,1.0,20.0,,,C,,36
14,HETATM,35,,C27,,PJE,,C,5,,,-10.368,13.241,64.572,1.0,20.0,,,C,,37
15,HETATM,36,,C28,,PJE,,C,5,,,-10.11,11.892,63.885,1.0,20.0,,,C,,38
16,HETATM,37,,N6,,PJE,,C,5,,,-11.386,11.531,63.232,1.0,20.0,,,N,,39
17,HETATM,38,,C29,,PJE,,C,5,,,-12.428,12.306,63.787,1.0,20.0,,,C,,40
18,HETATM,39,,O8,,PJE,,C,5,,,-13.559,12.26,63.495,1.0,20.0,,,O,,41
19,HETATM,40,,N5,,PJE,,C,5,,,-12.282,14.994,67.123,1.0,20.0,,,N,,42
20,HETATM,41,,O7,,PJE,,C,5,,,-9.943,17.785,67.572,1.0,20.0,,,O,,43
21,HETATM,42,,C,,010,,C,6,,,-7.901,17.649,66.696,1.0,63.14,,,C,,44
22,HETATM,43,,O,,010,,C,6,,,-8.911,17.849,65.703,1.0,52.13,,,O,,45
23,HETATM,44,,C1,,010,,C,6,,,-5.81,18.997,67.259,1.0,68.45,,,C,,46
24,HETATM,45,,C2,,010,,C,6,,,-5.138,20.205,67.439,1.0,70.02,,,C,,47
25,HETATM,46,,C3,,010,,C,6,,,-5.815,21.414,67.257,1.0,58.91,,,C,,48
26,HETATM,47,,C4,,010,,C,6,,,-7.156,21.406,66.898,1.0,57.63,,,C,,49
27,HETATM,48,,C5,,010,,C,6,,,-7.831,20.201,66.715,1.0,62.65,,,C,,50
28,HETATM,49,,C6,,010,,C,6,,,-7.153,18.994,66.896,1.0,66.95,,,C,,51
